<?xml version='1.0' encoding='UTF-8' standalone='no'?>
<doxygen xmlns:xsi="http://www.w3.org/2001/XMLSchema-instance" xsi:noNamespaceSchemaLocation="compound.xsd" version="1.8.14">
  <compounddef id="_ble_serial_peripheral_r_k_8h" kind="file" language="C++">
    <compoundname>BleSerialPeripheralRK.h</compoundname>
    <includes local="yes">Particle.h</includes>
    <includes refid="_ring_buffer_8h" local="yes">RingBuffer.h</includes>
    <includedby refid="_ble_serial_peripheral_r_k_8cpp" local="yes">src/BleSerialPeripheralRK.cpp</includedby>
    <incdepgraph>
      <node id="26">
        <label>RingBuffer.h</label>
        <link refid="_ring_buffer_8h_source"/>
      </node>
      <node id="24">
        <label>src/BleSerialPeripheralRK.h</label>
        <link refid="_ble_serial_peripheral_r_k_8h"/>
        <childnode refid="25" relation="include">
        </childnode>
        <childnode refid="26" relation="include">
        </childnode>
      </node>
      <node id="25">
        <label>Particle.h</label>
      </node>
    </incdepgraph>
    <innerclass refid="class_ble_serial_peripheral_base" prot="public">BleSerialPeripheralBase</innerclass>
    <innerclass refid="class_ble_serial_peripheral_static" prot="public">BleSerialPeripheralStatic</innerclass>
    <innerclass refid="class_ble_serial_peripheral_lock" prot="public">BleSerialPeripheralLock</innerclass>
    <briefdescription>
    </briefdescription>
    <detaileddescription>
    </detaileddescription>
    <programlisting>
<codeline lineno="1"><highlight class="preprocessor">#ifndef<sp/>__BLESERIALPERIPHERAL_H</highlight><highlight class="normal"></highlight></codeline>
<codeline lineno="2"><highlight class="normal"></highlight><highlight class="preprocessor">#define<sp/>__BLESERIALPERIPHERAL_H</highlight><highlight class="normal"></highlight></codeline>
<codeline lineno="3"><highlight class="normal"></highlight></codeline>
<codeline lineno="4"><highlight class="normal"></highlight><highlight class="preprocessor">#include<sp/>&quot;Particle.h&quot;</highlight><highlight class="normal"></highlight></codeline>
<codeline lineno="5"><highlight class="normal"></highlight><highlight class="preprocessor">#include<sp/>&quot;RingBuffer.h&quot;</highlight><highlight class="normal"></highlight></codeline>
<codeline lineno="6"><highlight class="normal"></highlight></codeline>
<codeline lineno="17" refid="class_ble_serial_peripheral_base" refkind="compound"><highlight class="keyword">class<sp/></highlight><highlight class="normal"><ref refid="class_ble_serial_peripheral_base" kindref="compound">BleSerialPeripheralBase</ref><sp/>:<sp/></highlight><highlight class="keyword">public</highlight><highlight class="normal"><sp/><ref refid="class_stream" kindref="compound">Stream</ref><sp/>{</highlight></codeline>
<codeline lineno="18"><highlight class="normal"></highlight><highlight class="keyword">public</highlight><highlight class="normal">:</highlight></codeline>
<codeline lineno="30"><highlight class="normal"><sp/><sp/><sp/><sp/><ref refid="class_ble_serial_peripheral_base_1a1c1811adb8b03e7c0cb6e5f6c0a42fab" kindref="member">BleSerialPeripheralBase</ref>(uint8_t<sp/>*txBuf,<sp/></highlight><highlight class="keywordtype">size_t</highlight><highlight class="normal"><sp/>txBufSize,<sp/>uint8_t<sp/>*rxBuf,<sp/></highlight><highlight class="keywordtype">size_t</highlight><highlight class="normal"><sp/>rxBufSize);</highlight></codeline>
<codeline lineno="31"><highlight class="normal"></highlight></codeline>
<codeline lineno="38"><highlight class="normal"><sp/><sp/><sp/><sp/></highlight><highlight class="keyword">virtual</highlight><highlight class="normal"><sp/><ref refid="class_ble_serial_peripheral_base_1ab693dd8a00b3af5ed375d68647bb4712" kindref="member">~BleSerialPeripheralBase</ref>();</highlight></codeline>
<codeline lineno="39"><highlight class="normal"></highlight></codeline>
<codeline lineno="43"><highlight class="normal"><sp/><sp/><sp/><sp/></highlight><highlight class="keywordtype">void</highlight><highlight class="normal"><sp/><ref refid="class_ble_serial_peripheral_base_1a01072243aecf86ea5030019a6e900fbb" kindref="member">setup</ref>();</highlight></codeline>
<codeline lineno="44"><highlight class="normal"></highlight></codeline>
<codeline lineno="48"><highlight class="normal"><sp/><sp/><sp/><sp/></highlight><highlight class="keywordtype">void</highlight><highlight class="normal"><sp/><ref refid="class_ble_serial_peripheral_base_1a441dc005092891279967444cb2dc2ff2" kindref="member">loop</ref>();</highlight></codeline>
<codeline lineno="49"><highlight class="normal"></highlight></codeline>
<codeline lineno="57"><highlight class="normal"><sp/><sp/><sp/><sp/></highlight><highlight class="keywordtype">void</highlight><highlight class="normal"><sp/><ref refid="class_ble_serial_peripheral_base_1a870258aa62e285cc0e2717476ae51145" kindref="member">advertise</ref>();</highlight></codeline>
<codeline lineno="58"><highlight class="normal"></highlight></codeline>
<codeline lineno="64"><highlight class="normal"><sp/><sp/><sp/><sp/>BleUuid<sp/><ref refid="class_ble_serial_peripheral_base_1a0457f2495023d47468a2f5b1964c0233" kindref="member">getServiceUuid</ref>()<sp/></highlight><highlight class="keyword">const</highlight><highlight class="normal">;</highlight></codeline>
<codeline lineno="65"><highlight class="normal"></highlight></codeline>
<codeline lineno="71"><highlight class="normal"><sp/><sp/><sp/><sp/></highlight><highlight class="keywordtype">void</highlight><highlight class="normal"><sp/><ref refid="class_ble_serial_peripheral_base_1a4dac5d6f8efb72b1df255e942a054560" kindref="member">lock</ref>();</highlight></codeline>
<codeline lineno="72"><highlight class="normal"></highlight></codeline>
<codeline lineno="78"><highlight class="normal"><sp/><sp/><sp/><sp/></highlight><highlight class="keywordtype">void</highlight><highlight class="normal"><sp/><ref refid="class_ble_serial_peripheral_base_1ab6c9183c6e2d42babe005b222b984d03" kindref="member">unlock</ref>();</highlight></codeline>
<codeline lineno="79"><highlight class="normal"></highlight></codeline>
<codeline lineno="83"><highlight class="normal"><sp/><sp/><sp/><sp/></highlight><highlight class="keyword">virtual</highlight><highlight class="normal"><sp/></highlight><highlight class="keywordtype">int</highlight><highlight class="normal"><sp/><ref refid="class_ble_serial_peripheral_base_1a946cc56677f03db99de9409851427941" kindref="member">available</ref>();</highlight></codeline>
<codeline lineno="84"><highlight class="normal"></highlight></codeline>
<codeline lineno="88"><highlight class="normal"><sp/><sp/><sp/><sp/></highlight><highlight class="keyword">virtual</highlight><highlight class="normal"><sp/></highlight><highlight class="keywordtype">int</highlight><highlight class="normal"><sp/><ref refid="class_ble_serial_peripheral_base_1a4933bc35d89028134597b46315806ce4" kindref="member">read</ref>();</highlight></codeline>
<codeline lineno="89"><highlight class="normal"></highlight></codeline>
<codeline lineno="94"><highlight class="normal"><sp/><sp/><sp/><sp/></highlight><highlight class="keyword">virtual</highlight><highlight class="normal"><sp/></highlight><highlight class="keywordtype">int</highlight><highlight class="normal"><sp/><ref refid="class_ble_serial_peripheral_base_1a6ba8319f3b1a69c96c4e8b3f8dde5bbc" kindref="member">peek</ref>();</highlight></codeline>
<codeline lineno="95"><highlight class="normal"></highlight></codeline>
<codeline lineno="99"><highlight class="normal"><sp/><sp/><sp/><sp/></highlight><highlight class="keyword">virtual</highlight><highlight class="normal"><sp/></highlight><highlight class="keywordtype">void</highlight><highlight class="normal"><sp/><ref refid="class_ble_serial_peripheral_base_1a27e43dcfd3cb2edee33b19ba9017ad7f" kindref="member">flush</ref>();</highlight></codeline>
<codeline lineno="100"><highlight class="normal"></highlight></codeline>
<codeline lineno="111"><highlight class="normal"><sp/><sp/><sp/><sp/></highlight><highlight class="keyword">virtual</highlight><highlight class="normal"><sp/></highlight><highlight class="keywordtype">size_t</highlight><highlight class="normal"><sp/><ref refid="class_ble_serial_peripheral_base_1ac041322685f26d921f60d01a2ed99e83" kindref="member">write</ref>(uint8_t<sp/>data);</highlight></codeline>
<codeline lineno="112"><highlight class="normal"></highlight></codeline>
<codeline lineno="120" refid="class_ble_serial_peripheral_base_1a97cee829a39ff3a62e3108f05fba64d8" refkind="member"><highlight class="normal"><sp/><sp/><sp/><sp/></highlight><highlight class="keyword">inline</highlight><highlight class="normal"><sp/></highlight><highlight class="keywordtype">size_t</highlight><highlight class="normal"><sp/><ref refid="class_ble_serial_peripheral_base_1a97cee829a39ff3a62e3108f05fba64d8" kindref="member">getRxLost</ref>()</highlight><highlight class="keyword"><sp/>const<sp/></highlight><highlight class="normal">{<sp/></highlight><highlight class="keywordflow">return</highlight><highlight class="normal"><sp/>rxLost;<sp/>};</highlight></codeline>
<codeline lineno="121"><highlight class="normal"></highlight></codeline>
<codeline lineno="125" refid="class_ble_serial_peripheral_base_1af2dc5ee170da6783176ce6c96456fdb4" refkind="member"><highlight class="normal"><sp/><sp/><sp/><sp/></highlight><highlight class="keyword">inline</highlight><highlight class="normal"><sp/></highlight><highlight class="keywordtype">void</highlight><highlight class="normal"><sp/><ref refid="class_ble_serial_peripheral_base_1af2dc5ee170da6783176ce6c96456fdb4" kindref="member">clearRxLost</ref>()<sp/>{<sp/>rxLost<sp/>=<sp/>0;<sp/>};</highlight></codeline>
<codeline lineno="126"><highlight class="normal"></highlight></codeline>
<codeline lineno="134" refid="class_ble_serial_peripheral_base_1a09c779ad7767bc195687c525548127d9" refkind="member"><highlight class="normal"><sp/><sp/><sp/><sp/></highlight><highlight class="keyword">inline</highlight><highlight class="normal"><sp/></highlight><highlight class="keywordtype">size_t</highlight><highlight class="normal"><sp/><ref refid="class_ble_serial_peripheral_base_1a09c779ad7767bc195687c525548127d9" kindref="member">getTxLost</ref>()</highlight><highlight class="keyword"><sp/>const<sp/></highlight><highlight class="normal">{<sp/></highlight><highlight class="keywordflow">return</highlight><highlight class="normal"><sp/>txLost;<sp/>};</highlight></codeline>
<codeline lineno="135"><highlight class="normal"></highlight></codeline>
<codeline lineno="139" refid="class_ble_serial_peripheral_base_1a3f7273afa5985d6df935b530d9550b6c" refkind="member"><highlight class="normal"><sp/><sp/><sp/><sp/></highlight><highlight class="keyword">inline</highlight><highlight class="normal"><sp/></highlight><highlight class="keywordtype">void</highlight><highlight class="normal"><sp/><ref refid="class_ble_serial_peripheral_base_1a3f7273afa5985d6df935b530d9550b6c" kindref="member">clearTxLost</ref>()<sp/>{<sp/>txLost<sp/>=<sp/>0;<sp/>};</highlight></codeline>
<codeline lineno="140"><highlight class="normal"></highlight></codeline>
<codeline lineno="144" refid="class_ble_serial_peripheral_base_1aa4ca5408c166841e1fd5ea9aa3a1c4a5" refkind="member"><highlight class="normal"><sp/><sp/><sp/><sp/></highlight><highlight class="keyword">inline</highlight><highlight class="normal"><sp/></highlight><highlight class="keywordtype">size_t</highlight><highlight class="normal"><sp/><ref refid="class_ble_serial_peripheral_base_1aa4ca5408c166841e1fd5ea9aa3a1c4a5" kindref="member">getTxMaxWrite</ref>()</highlight><highlight class="keyword"><sp/>const<sp/></highlight><highlight class="normal">{<sp/></highlight><highlight class="keywordflow">return</highlight><highlight class="normal"><sp/>txMaxWrite;<sp/>};</highlight></codeline>
<codeline lineno="145"><highlight class="normal"></highlight></codeline>
<codeline lineno="161" refid="class_ble_serial_peripheral_base_1a454bb53617c96d564f3e20d13765de9f" refkind="member"><highlight class="normal"><sp/><sp/><sp/><sp/></highlight><highlight class="keyword">inline</highlight><highlight class="normal"><sp/></highlight><highlight class="keywordtype">void</highlight><highlight class="normal"><sp/><ref refid="class_ble_serial_peripheral_base_1a454bb53617c96d564f3e20d13765de9f" kindref="member">setTxMaxWrite</ref>(</highlight><highlight class="keywordtype">size_t</highlight><highlight class="normal"><sp/>value)<sp/>{<sp/>txMaxWrite<sp/>=<sp/>value;<sp/>};</highlight></codeline>
<codeline lineno="162"><highlight class="normal"></highlight></codeline>
<codeline lineno="163"><highlight class="normal"></highlight><highlight class="keyword">private</highlight><highlight class="normal">:</highlight></codeline>
<codeline lineno="167"><highlight class="normal"><sp/><sp/><sp/><sp/></highlight><highlight class="keywordtype">void</highlight><highlight class="normal"><sp/>onDataReceived(</highlight><highlight class="keyword">const</highlight><highlight class="normal"><sp/>uint8_t*<sp/>data,<sp/></highlight><highlight class="keywordtype">size_t</highlight><highlight class="normal"><sp/>len,<sp/></highlight><highlight class="keyword">const</highlight><highlight class="normal"><sp/>BlePeerDevice&amp;<sp/>peer);</highlight></codeline>
<codeline lineno="168"><highlight class="normal"></highlight></codeline>
<codeline lineno="172"><highlight class="normal"><sp/><sp/><sp/><sp/></highlight><highlight class="keyword">static</highlight><highlight class="normal"><sp/></highlight><highlight class="keywordtype">void</highlight><highlight class="normal"><sp/>onDataReceivedStatic(</highlight><highlight class="keyword">const</highlight><highlight class="normal"><sp/>uint8_t*<sp/>data,<sp/></highlight><highlight class="keywordtype">size_t</highlight><highlight class="normal"><sp/>len,<sp/></highlight><highlight class="keyword">const</highlight><highlight class="normal"><sp/>BlePeerDevice&amp;<sp/>peer,<sp/></highlight><highlight class="keywordtype">void</highlight><highlight class="normal">*<sp/>context);</highlight></codeline>
<codeline lineno="173"><highlight class="normal"></highlight></codeline>
<codeline lineno="174"><highlight class="normal"><sp/><sp/><sp/><sp/>uint8_t<sp/>*txBuf;</highlight></codeline>
<codeline lineno="175"><highlight class="normal"><sp/><sp/><sp/><sp/></highlight><highlight class="keywordtype">size_t</highlight><highlight class="normal"><sp/>txBufSize;</highlight></codeline>
<codeline lineno="176"><highlight class="normal"></highlight></codeline>
<codeline lineno="177"><highlight class="normal"><sp/><sp/><sp/><sp/>BleCharacteristic<sp/>txCharacteristic;</highlight></codeline>
<codeline lineno="178"><highlight class="normal"><sp/><sp/><sp/><sp/>BleCharacteristic<sp/>rxCharacteristic;</highlight></codeline>
<codeline lineno="179"><highlight class="normal"></highlight></codeline>
<codeline lineno="180"><highlight class="normal"><sp/><sp/><sp/><sp/>os_mutex_t<sp/>mutex;</highlight></codeline>
<codeline lineno="181"><highlight class="normal"><sp/><sp/><sp/><sp/><ref refid="class_ring_buffer" kindref="compound">RingBuffer&lt;uint8_t&gt;</ref><sp/>rxRing;</highlight></codeline>
<codeline lineno="182"><highlight class="normal"></highlight></codeline>
<codeline lineno="183"><highlight class="normal"><sp/><sp/><sp/><sp/></highlight><highlight class="keywordtype">size_t</highlight><highlight class="normal"><sp/>rxLost<sp/>=<sp/>0;</highlight></codeline>
<codeline lineno="184"><highlight class="normal"><sp/><sp/><sp/><sp/></highlight><highlight class="keywordtype">size_t</highlight><highlight class="normal"><sp/>txLost<sp/>=<sp/>0;</highlight></codeline>
<codeline lineno="185"><highlight class="normal"><sp/><sp/><sp/><sp/></highlight><highlight class="keywordtype">size_t</highlight><highlight class="normal"><sp/>txCur<sp/>=<sp/>0;</highlight></codeline>
<codeline lineno="186"><highlight class="normal"></highlight></codeline>
<codeline lineno="187"><highlight class="normal"><sp/><sp/><sp/><sp/></highlight><highlight class="keywordtype">size_t</highlight><highlight class="normal"><sp/>txMaxWrite<sp/>=<sp/>236;</highlight></codeline>
<codeline lineno="188"><highlight class="normal">};</highlight></codeline>
<codeline lineno="189"><highlight class="normal"></highlight></codeline>
<codeline lineno="201"><highlight class="keyword">template</highlight><highlight class="normal"><sp/>&lt;</highlight><highlight class="keywordtype">size_t</highlight><highlight class="normal"><sp/>TX_BUF_SIZE,<sp/></highlight><highlight class="keywordtype">size_t</highlight><highlight class="normal"><sp/>RX_BUF_SIZE&gt;</highlight></codeline>
<codeline lineno="202" refid="class_ble_serial_peripheral_static" refkind="compound"><highlight class="normal"></highlight><highlight class="keyword">class<sp/></highlight><highlight class="normal"><ref refid="class_ble_serial_peripheral_static" kindref="compound">BleSerialPeripheralStatic</ref><sp/>:<sp/></highlight><highlight class="keyword">public</highlight><highlight class="normal"><sp/><ref refid="class_ble_serial_peripheral_base" kindref="compound">BleSerialPeripheralBase</ref><sp/>{</highlight></codeline>
<codeline lineno="203"><highlight class="normal"></highlight><highlight class="keyword">public</highlight><highlight class="normal">:</highlight></codeline>
<codeline lineno="204"><highlight class="normal"><sp/><sp/><sp/><sp/></highlight><highlight class="keyword">explicit</highlight><highlight class="normal"><sp/><ref refid="class_ble_serial_peripheral_static" kindref="compound">BleSerialPeripheralStatic</ref>()<sp/>:<sp/><ref refid="class_ble_serial_peripheral_base_1a1c1811adb8b03e7c0cb6e5f6c0a42fab" kindref="member">BleSerialPeripheralBase</ref>(txBufStatic,<sp/>TX_BUF_SIZE,<sp/>rxBufStatic,<sp/>RX_BUF_SIZE)<sp/>{};</highlight></codeline>
<codeline lineno="205"><highlight class="normal"></highlight></codeline>
<codeline lineno="206"><highlight class="normal"></highlight><highlight class="keyword">private</highlight><highlight class="normal">:</highlight></codeline>
<codeline lineno="207"><highlight class="normal"><sp/><sp/><sp/><sp/>uint8_t<sp/>txBufStatic[TX_BUF_SIZE];<sp/></highlight></codeline>
<codeline lineno="208"><highlight class="normal"><sp/><sp/><sp/><sp/>uint8_t<sp/>rxBufStatic[RX_BUF_SIZE];<sp/></highlight></codeline>
<codeline lineno="209"><highlight class="normal">};</highlight></codeline>
<codeline lineno="210"><highlight class="normal"></highlight></codeline>
<codeline lineno="215" refid="class_ble_serial_peripheral_lock" refkind="compound"><highlight class="keyword">class<sp/></highlight><highlight class="normal"><ref refid="class_ble_serial_peripheral_lock" kindref="compound">BleSerialPeripheralLock</ref><sp/>{</highlight></codeline>
<codeline lineno="216"><highlight class="normal"></highlight><highlight class="keyword">public</highlight><highlight class="normal">:</highlight></codeline>
<codeline lineno="217"><highlight class="normal"><sp/><sp/><sp/><sp/></highlight><highlight class="keyword">inline</highlight><highlight class="normal"><sp/><ref refid="class_ble_serial_peripheral_lock" kindref="compound">BleSerialPeripheralLock</ref>(<ref refid="class_ble_serial_peripheral_base" kindref="compound">BleSerialPeripheralBase</ref><sp/>*parent)<sp/>:<sp/>parent(parent)<sp/>{</highlight></codeline>
<codeline lineno="218"><highlight class="normal"><sp/><sp/><sp/><sp/><sp/><sp/><sp/><sp/>parent-&gt;<ref refid="class_ble_serial_peripheral_base_1a4dac5d6f8efb72b1df255e942a054560" kindref="member">lock</ref>();</highlight></codeline>
<codeline lineno="219"><highlight class="normal"><sp/><sp/><sp/><sp/>}</highlight></codeline>
<codeline lineno="220"><highlight class="normal"></highlight></codeline>
<codeline lineno="221"><highlight class="normal"><sp/><sp/><sp/><sp/></highlight><highlight class="keyword">inline</highlight><highlight class="normal"><sp/>~<ref refid="class_ble_serial_peripheral_lock" kindref="compound">BleSerialPeripheralLock</ref>()<sp/>{</highlight></codeline>
<codeline lineno="222"><highlight class="normal"><sp/><sp/><sp/><sp/><sp/><sp/><sp/><sp/>parent-&gt;<ref refid="class_ble_serial_peripheral_base_1ab6c9183c6e2d42babe005b222b984d03" kindref="member">unlock</ref>();</highlight></codeline>
<codeline lineno="223"><highlight class="normal"><sp/><sp/><sp/><sp/>}</highlight></codeline>
<codeline lineno="224"><highlight class="normal"></highlight></codeline>
<codeline lineno="225"><highlight class="normal"></highlight><highlight class="keyword">protected</highlight><highlight class="normal">:</highlight></codeline>
<codeline lineno="226"><highlight class="normal"><sp/><sp/><sp/><sp/><ref refid="class_ble_serial_peripheral_base" kindref="compound">BleSerialPeripheralBase</ref><sp/>*parent;</highlight></codeline>
<codeline lineno="227"><highlight class="normal">};</highlight></codeline>
<codeline lineno="228"><highlight class="normal"></highlight></codeline>
<codeline lineno="229"><highlight class="normal"></highlight><highlight class="preprocessor">#endif<sp/></highlight><highlight class="comment">/*<sp/>__BLESERIALPERIPHERAL_H<sp/>*/</highlight><highlight class="preprocessor"></highlight></codeline>
    </programlisting>
    <location file="src/BleSerialPeripheralRK.h"/>
  </compounddef>
</doxygen>
