<?xml version='1.0' encoding='UTF-8' standalone='no'?>
<doxygen xmlns:xsi="http://www.w3.org/2001/XMLSchema-instance" xsi:noNamespaceSchemaLocation="compound.xsd" version="1.8.14">
  <compounddef id="_ring_buffer_8h" kind="file" language="C++">
    <compoundname>RingBuffer.h</compoundname>
    <includedby refid="_ble_serial_peripheral_r_k_8h" local="yes">src/BleSerialPeripheralRK.h</includedby>
    <invincdepgraph>
      <node id="29">
        <label>src/RingBuffer.h</label>
        <link refid="_ring_buffer_8h"/>
        <childnode refid="30" relation="include">
        </childnode>
      </node>
      <node id="30">
        <label>src/BleSerialPeripheralRK.h</label>
        <link refid="_ble_serial_peripheral_r_k_8h_source"/>
      </node>
    </invincdepgraph>
    <innerclass refid="class_ring_buffer" prot="public">RingBuffer</innerclass>
    <briefdescription>
    </briefdescription>
    <detaileddescription>
    </detaileddescription>
    <programlisting>
<codeline lineno="1"><highlight class="preprocessor">#ifndef<sp/>__RINGBUFFER_H</highlight><highlight class="normal"></highlight></codeline>
<codeline lineno="2"><highlight class="normal"></highlight><highlight class="preprocessor">#define<sp/>__RINGBUFFER_H</highlight><highlight class="normal"></highlight></codeline>
<codeline lineno="3"><highlight class="normal"></highlight></codeline>
<codeline lineno="18"><highlight class="keyword">template</highlight><highlight class="normal"><sp/>&lt;</highlight><highlight class="keyword">class</highlight><highlight class="normal"><sp/>T&gt;</highlight></codeline>
<codeline lineno="19" refid="class_ring_buffer" refkind="compound"><highlight class="normal"></highlight><highlight class="keyword">class<sp/></highlight><highlight class="normal"><ref refid="class_ring_buffer" kindref="compound">RingBuffer</ref><sp/>{</highlight></codeline>
<codeline lineno="20"><highlight class="normal"></highlight><highlight class="keyword">public</highlight><highlight class="normal">:</highlight></codeline>
<codeline lineno="28" refid="class_ring_buffer_1a234232078f579680a091bc504b5eee5e" refkind="member"><highlight class="normal"><sp/><sp/><sp/><sp/><ref refid="class_ring_buffer_1a234232078f579680a091bc504b5eee5e" kindref="member">RingBuffer</ref>(T<sp/>*elems,<sp/></highlight><highlight class="keywordtype">size_t</highlight><highlight class="normal"><sp/>size)<sp/>:<sp/>elems(elems),<sp/>size(size)<sp/>{};</highlight></codeline>
<codeline lineno="29"><highlight class="normal"></highlight></codeline>
<codeline lineno="33" refid="class_ring_buffer_1a2ea502f6493ca669f07f9f01a4a94bdb" refkind="member"><highlight class="normal"><sp/><sp/><sp/><sp/><ref refid="class_ring_buffer_1a2ea502f6493ca669f07f9f01a4a94bdb" kindref="member">~RingBuffer</ref>()<sp/>{};</highlight></codeline>
<codeline lineno="34"><highlight class="normal"></highlight></codeline>
<codeline lineno="41" refid="class_ring_buffer_1a2d77169348cd228b343ba2245e1ce371" refkind="member"><highlight class="normal"><sp/><sp/><sp/><sp/></highlight><highlight class="keywordtype">size_t</highlight><highlight class="normal"><sp/><ref refid="class_ring_buffer_1a2d77169348cd228b343ba2245e1ce371" kindref="member">availableForRead</ref>()</highlight><highlight class="keyword"><sp/>const<sp/></highlight><highlight class="normal">{</highlight></codeline>
<codeline lineno="42"><highlight class="normal"><sp/><sp/><sp/><sp/><sp/><sp/><sp/><sp/></highlight><highlight class="keywordflow">return</highlight><highlight class="normal"><sp/>(size<sp/>+<sp/>head<sp/>-<sp/>tail)<sp/>%<sp/>size;</highlight></codeline>
<codeline lineno="43"><highlight class="normal"><sp/><sp/><sp/><sp/>}</highlight></codeline>
<codeline lineno="44"><highlight class="normal"></highlight></codeline>
<codeline lineno="54" refid="class_ring_buffer_1a724ce39b381489539fda406e06596a1d" refkind="member"><highlight class="normal"><sp/><sp/><sp/><sp/>T<sp/>*<ref refid="class_ring_buffer_1a724ce39b381489539fda406e06596a1d" kindref="member">preRead</ref>()</highlight><highlight class="keyword"><sp/>const<sp/></highlight><highlight class="normal">{</highlight></codeline>
<codeline lineno="55"><highlight class="normal"><sp/><sp/><sp/><sp/><sp/><sp/><sp/><sp/></highlight><highlight class="keywordflow">if</highlight><highlight class="normal"><sp/>(head<sp/>==<sp/>tail)<sp/>{</highlight></codeline>
<codeline lineno="56"><highlight class="normal"><sp/><sp/><sp/><sp/><sp/><sp/><sp/><sp/><sp/><sp/><sp/><sp/></highlight><highlight class="keywordflow">return</highlight><highlight class="normal"><sp/>NULL;</highlight></codeline>
<codeline lineno="57"><highlight class="normal"><sp/><sp/><sp/><sp/><sp/><sp/><sp/><sp/>}</highlight></codeline>
<codeline lineno="58"><highlight class="normal"><sp/><sp/><sp/><sp/><sp/><sp/><sp/><sp/></highlight><highlight class="keywordflow">else</highlight><highlight class="normal"><sp/>{</highlight></codeline>
<codeline lineno="59"><highlight class="normal"><sp/><sp/><sp/><sp/><sp/><sp/><sp/><sp/><sp/><sp/><sp/><sp/></highlight><highlight class="keywordflow">return</highlight><highlight class="normal"><sp/>&amp;elems[tail];</highlight></codeline>
<codeline lineno="60"><highlight class="normal"><sp/><sp/><sp/><sp/><sp/><sp/><sp/><sp/>}</highlight></codeline>
<codeline lineno="61"><highlight class="normal"><sp/><sp/><sp/><sp/>}</highlight></codeline>
<codeline lineno="62"><highlight class="normal"></highlight></codeline>
<codeline lineno="68" refid="class_ring_buffer_1aad9eebd3dc4cc774666467de89c6de86" refkind="member"><highlight class="normal"><sp/><sp/><sp/><sp/></highlight><highlight class="keywordtype">void</highlight><highlight class="normal"><sp/><ref refid="class_ring_buffer_1aad9eebd3dc4cc774666467de89c6de86" kindref="member">postRead</ref>()<sp/>{</highlight></codeline>
<codeline lineno="69"><highlight class="normal"><sp/><sp/><sp/><sp/><sp/><sp/><sp/><sp/></highlight><highlight class="keywordtype">size_t</highlight><highlight class="normal"><sp/>next<sp/>=<sp/>(tail<sp/>+<sp/>1)<sp/>%<sp/>size;</highlight></codeline>
<codeline lineno="70"><highlight class="normal"><sp/><sp/><sp/><sp/><sp/><sp/><sp/><sp/>tail<sp/>=<sp/>next;</highlight></codeline>
<codeline lineno="71"><highlight class="normal"><sp/><sp/><sp/><sp/>}</highlight></codeline>
<codeline lineno="72"><highlight class="normal"></highlight></codeline>
<codeline lineno="80" refid="class_ring_buffer_1af4ab31038d40a4075f4f23b7f2c970cd" refkind="member"><highlight class="normal"><sp/><sp/><sp/><sp/></highlight><highlight class="keywordtype">bool</highlight><highlight class="normal"><sp/><ref refid="class_ring_buffer_1af4ab31038d40a4075f4f23b7f2c970cd" kindref="member">read</ref>(T<sp/>*elem)<sp/>{</highlight></codeline>
<codeline lineno="81"><highlight class="normal"><sp/><sp/><sp/><sp/><sp/><sp/><sp/><sp/>T<sp/>*src<sp/>=<sp/><ref refid="class_ring_buffer_1a724ce39b381489539fda406e06596a1d" kindref="member">preRead</ref>();</highlight></codeline>
<codeline lineno="82"><highlight class="normal"><sp/><sp/><sp/><sp/><sp/><sp/><sp/><sp/></highlight><highlight class="keywordflow">if</highlight><highlight class="normal"><sp/>(src<sp/>!=<sp/>NULL)<sp/>{</highlight></codeline>
<codeline lineno="83"><highlight class="normal"><sp/><sp/><sp/><sp/><sp/><sp/><sp/><sp/><sp/><sp/><sp/><sp/>*elem<sp/>=<sp/>*src;</highlight></codeline>
<codeline lineno="84"><highlight class="normal"><sp/><sp/><sp/><sp/><sp/><sp/><sp/><sp/><sp/><sp/><sp/><sp/><ref refid="class_ring_buffer_1aad9eebd3dc4cc774666467de89c6de86" kindref="member">postRead</ref>();</highlight></codeline>
<codeline lineno="85"><highlight class="normal"><sp/><sp/><sp/><sp/><sp/><sp/><sp/><sp/><sp/><sp/><sp/><sp/></highlight><highlight class="keywordflow">return</highlight><highlight class="normal"><sp/></highlight><highlight class="keyword">true</highlight><highlight class="normal">;</highlight></codeline>
<codeline lineno="86"><highlight class="normal"><sp/><sp/><sp/><sp/><sp/><sp/><sp/><sp/>}</highlight></codeline>
<codeline lineno="87"><highlight class="normal"><sp/><sp/><sp/><sp/><sp/><sp/><sp/><sp/></highlight><highlight class="keywordflow">else</highlight><highlight class="normal"><sp/>{</highlight></codeline>
<codeline lineno="88"><highlight class="normal"><sp/><sp/><sp/><sp/><sp/><sp/><sp/><sp/><sp/><sp/><sp/><sp/></highlight><highlight class="keywordflow">return</highlight><highlight class="normal"><sp/></highlight><highlight class="keyword">false</highlight><highlight class="normal">;</highlight></codeline>
<codeline lineno="89"><highlight class="normal"><sp/><sp/><sp/><sp/><sp/><sp/><sp/><sp/>}</highlight></codeline>
<codeline lineno="90"><highlight class="normal"><sp/><sp/><sp/><sp/>}</highlight></codeline>
<codeline lineno="91"><highlight class="normal"></highlight></codeline>
<codeline lineno="95" refid="class_ring_buffer_1a5f17853814de662a9f15a14fddfea4bf" refkind="member"><highlight class="normal"><sp/><sp/><sp/><sp/></highlight><highlight class="keywordtype">void</highlight><highlight class="normal"><sp/><ref refid="class_ring_buffer_1a5f17853814de662a9f15a14fddfea4bf" kindref="member">readClear</ref>()<sp/>{</highlight></codeline>
<codeline lineno="96"><highlight class="normal"><sp/><sp/><sp/><sp/><sp/><sp/><sp/><sp/>tail<sp/>=<sp/>head;</highlight></codeline>
<codeline lineno="97"><highlight class="normal"><sp/><sp/><sp/><sp/>}</highlight></codeline>
<codeline lineno="98"><highlight class="normal"></highlight></codeline>
<codeline lineno="105" refid="class_ring_buffer_1a60177190baecb3c438f8392d6f9a35f7" refkind="member"><highlight class="normal"><sp/><sp/><sp/><sp/>T<sp/>*<ref refid="class_ring_buffer_1a60177190baecb3c438f8392d6f9a35f7" kindref="member">preWrite</ref>()</highlight><highlight class="keyword"><sp/>const<sp/></highlight><highlight class="normal">{</highlight></codeline>
<codeline lineno="106"><highlight class="normal"><sp/><sp/><sp/><sp/><sp/><sp/><sp/><sp/></highlight><highlight class="keywordtype">size_t</highlight><highlight class="normal"><sp/>next<sp/>=<sp/>(head<sp/>+<sp/>1)<sp/>%<sp/>size;</highlight></codeline>
<codeline lineno="107"><highlight class="normal"><sp/><sp/><sp/><sp/><sp/><sp/><sp/><sp/></highlight><highlight class="keywordflow">if</highlight><highlight class="normal"><sp/>(next<sp/>==<sp/>tail)<sp/>{</highlight></codeline>
<codeline lineno="108"><highlight class="normal"><sp/><sp/><sp/><sp/><sp/><sp/><sp/><sp/><sp/><sp/><sp/><sp/></highlight><highlight class="comment">//<sp/>No<sp/>space<sp/>to<sp/>write</highlight><highlight class="normal"></highlight></codeline>
<codeline lineno="109"><highlight class="normal"><sp/><sp/><sp/><sp/><sp/><sp/><sp/><sp/><sp/><sp/><sp/><sp/></highlight><highlight class="keywordflow">return</highlight><highlight class="normal"><sp/>NULL;</highlight></codeline>
<codeline lineno="110"><highlight class="normal"><sp/><sp/><sp/><sp/><sp/><sp/><sp/><sp/>}</highlight></codeline>
<codeline lineno="111"><highlight class="normal"><sp/><sp/><sp/><sp/><sp/><sp/><sp/><sp/></highlight><highlight class="keywordflow">return</highlight><highlight class="normal"><sp/>&amp;elems[head];</highlight></codeline>
<codeline lineno="112"><highlight class="normal"><sp/><sp/><sp/><sp/>}</highlight></codeline>
<codeline lineno="113"><highlight class="normal"></highlight></codeline>
<codeline lineno="117" refid="class_ring_buffer_1a7d2e2f6098053c51451ff2bd35fa2252" refkind="member"><highlight class="normal"><sp/><sp/><sp/><sp/></highlight><highlight class="keywordtype">void</highlight><highlight class="normal"><sp/><ref refid="class_ring_buffer_1a7d2e2f6098053c51451ff2bd35fa2252" kindref="member">postWrite</ref>()<sp/>{</highlight></codeline>
<codeline lineno="118"><highlight class="normal"><sp/><sp/><sp/><sp/><sp/><sp/><sp/><sp/></highlight><highlight class="keywordtype">size_t</highlight><highlight class="normal"><sp/>next<sp/>=<sp/>(head<sp/>+<sp/>1)<sp/>%<sp/>size;</highlight></codeline>
<codeline lineno="119"><highlight class="normal"><sp/><sp/><sp/><sp/><sp/><sp/><sp/><sp/>head<sp/>=<sp/>next;</highlight></codeline>
<codeline lineno="120"><highlight class="normal"><sp/><sp/><sp/><sp/>}</highlight></codeline>
<codeline lineno="121"><highlight class="normal"></highlight></codeline>
<codeline lineno="127" refid="class_ring_buffer_1a1a9e393325923ed035b16a5b067a3951" refkind="member"><highlight class="normal"><sp/><sp/><sp/><sp/></highlight><highlight class="keywordtype">bool</highlight><highlight class="normal"><sp/><ref refid="class_ring_buffer_1a1a9e393325923ed035b16a5b067a3951" kindref="member">write</ref>(</highlight><highlight class="keyword">const</highlight><highlight class="normal"><sp/>T<sp/>*elem)<sp/>{</highlight></codeline>
<codeline lineno="128"><highlight class="normal"><sp/><sp/><sp/><sp/><sp/><sp/><sp/><sp/>T<sp/>*dst<sp/>=<sp/><ref refid="class_ring_buffer_1a60177190baecb3c438f8392d6f9a35f7" kindref="member">preWrite</ref>();</highlight></codeline>
<codeline lineno="129"><highlight class="normal"><sp/><sp/><sp/><sp/><sp/><sp/><sp/><sp/></highlight><highlight class="keywordflow">if</highlight><highlight class="normal"><sp/>(dst<sp/>!=<sp/>NULL)<sp/>{</highlight></codeline>
<codeline lineno="130"><highlight class="normal"><sp/><sp/><sp/><sp/><sp/><sp/><sp/><sp/><sp/><sp/><sp/><sp/>*dst<sp/>=<sp/>*elem;</highlight></codeline>
<codeline lineno="131"><highlight class="normal"><sp/><sp/><sp/><sp/><sp/><sp/><sp/><sp/><sp/><sp/><sp/><sp/><ref refid="class_ring_buffer_1a7d2e2f6098053c51451ff2bd35fa2252" kindref="member">postWrite</ref>();</highlight></codeline>
<codeline lineno="132"><highlight class="normal"><sp/><sp/><sp/><sp/><sp/><sp/><sp/><sp/><sp/><sp/><sp/><sp/></highlight><highlight class="keywordflow">return</highlight><highlight class="normal"><sp/></highlight><highlight class="keyword">true</highlight><highlight class="normal">;</highlight></codeline>
<codeline lineno="133"><highlight class="normal"><sp/><sp/><sp/><sp/><sp/><sp/><sp/><sp/>}</highlight></codeline>
<codeline lineno="134"><highlight class="normal"><sp/><sp/><sp/><sp/><sp/><sp/><sp/><sp/></highlight><highlight class="keywordflow">else</highlight><highlight class="normal"><sp/>{</highlight></codeline>
<codeline lineno="135"><highlight class="normal"><sp/><sp/><sp/><sp/><sp/><sp/><sp/><sp/><sp/><sp/><sp/><sp/></highlight><highlight class="comment">//<sp/>No<sp/>room<sp/>to<sp/>write</highlight><highlight class="normal"></highlight></codeline>
<codeline lineno="136"><highlight class="normal"><sp/><sp/><sp/><sp/><sp/><sp/><sp/><sp/><sp/><sp/><sp/><sp/></highlight><highlight class="keywordflow">return</highlight><highlight class="normal"><sp/></highlight><highlight class="keyword">false</highlight><highlight class="normal">;</highlight></codeline>
<codeline lineno="137"><highlight class="normal"><sp/><sp/><sp/><sp/><sp/><sp/><sp/><sp/>}</highlight></codeline>
<codeline lineno="138"><highlight class="normal"><sp/><sp/><sp/><sp/>}</highlight></codeline>
<codeline lineno="139"><highlight class="normal"></highlight></codeline>
<codeline lineno="140"><highlight class="normal"></highlight><highlight class="keyword">private</highlight><highlight class="normal">:</highlight></codeline>
<codeline lineno="141"><highlight class="normal"><sp/><sp/><sp/><sp/>T<sp/>*elems;</highlight></codeline>
<codeline lineno="142"><highlight class="normal"><sp/><sp/><sp/><sp/></highlight><highlight class="keywordtype">size_t</highlight><highlight class="normal"><sp/>size;</highlight></codeline>
<codeline lineno="143"><highlight class="normal"><sp/><sp/><sp/><sp/></highlight><highlight class="keyword">volatile</highlight><highlight class="normal"><sp/></highlight><highlight class="keywordtype">size_t</highlight><highlight class="normal"><sp/>head<sp/>=<sp/>0;</highlight></codeline>
<codeline lineno="144"><highlight class="normal"><sp/><sp/><sp/><sp/></highlight><highlight class="keyword">volatile</highlight><highlight class="normal"><sp/></highlight><highlight class="keywordtype">size_t</highlight><highlight class="normal"><sp/>tail<sp/>=<sp/>0;</highlight></codeline>
<codeline lineno="145"><highlight class="normal">};</highlight></codeline>
<codeline lineno="146"><highlight class="normal"></highlight></codeline>
<codeline lineno="147"><highlight class="normal"></highlight></codeline>
<codeline lineno="148"><highlight class="normal"></highlight></codeline>
<codeline lineno="149"><highlight class="normal"></highlight><highlight class="preprocessor">#endif<sp/></highlight><highlight class="comment">/*<sp/>__RINGBUFFER_H<sp/>*/</highlight><highlight class="preprocessor"></highlight></codeline>
    </programlisting>
    <location file="src/RingBuffer.h"/>
  </compounddef>
</doxygen>
