<?xml version='1.0' encoding='UTF-8' standalone='no'?>
<doxygen xmlns:xsi="http://www.w3.org/2001/XMLSchema-instance" xsi:noNamespaceSchemaLocation="compound.xsd" version="1.8.14">
  <compounddef id="dir_248832ff8517b5b7d5da1a6bc8750d99" kind="dir">
    <compoundname>docs/src</compoundname>
    <innerfile refid="spark__wiring__print_8h">spark_wiring_print.h</innerfile>
    <innerfile refid="spark__wiring__stream_8h">spark_wiring_stream.h</innerfile>
    <briefdescription>
    </briefdescription>
    <detaileddescription>
    </detaileddescription>
    <location file="docs/src/"/>
  </compounddef>
</doxygen>
