<?xml version='1.0' encoding='UTF-8' standalone='no'?>
<doxygen xmlns:xsi="http://www.w3.org/2001/XMLSchema-instance" xsi:noNamespaceSchemaLocation="compound.xsd" version="1.8.14">
  <compounddef id="dir_49e56c817e5e54854c35e136979f97ca" kind="dir">
    <compoundname>docs</compoundname>
    <innerdir refid="dir_248832ff8517b5b7d5da1a6bc8750d99">docs/src</innerdir>
    <briefdescription>
    </briefdescription>
    <detaileddescription>
    </detaileddescription>
    <location file="docs/"/>
  </compounddef>
</doxygen>
