<?xml version='1.0' encoding='UTF-8' standalone='no'?>
<doxygen xmlns:xsi="http://www.w3.org/2001/XMLSchema-instance" xsi:noNamespaceSchemaLocation="compound.xsd" version="1.8.14">
  <compounddef id="dir_68267d1309a1af8e8297ef4c3efbcdba" kind="dir">
    <compoundname>src</compoundname>
    <innerfile refid="_ble_serial_peripheral_r_k_8cpp">BleSerialPeripheralRK.cpp</innerfile>
    <innerfile refid="_ble_serial_peripheral_r_k_8h">BleSerialPeripheralRK.h</innerfile>
    <innerfile refid="_ring_buffer_8h">RingBuffer.h</innerfile>
    <briefdescription>
    </briefdescription>
    <detaileddescription>
    </detaileddescription>
    <location file="src/"/>
  </compounddef>
</doxygen>
