<?xml version='1.0' encoding='UTF-8' standalone='no'?>
<doxygen xmlns:xsi="http://www.w3.org/2001/XMLSchema-instance" xsi:noNamespaceSchemaLocation="compound.xsd" version="1.8.14">
  <compounddef id="spark__wiring__print_8h" kind="file" language="C++">
    <compoundname>spark_wiring_print.h</compoundname>
    <includes local="no">stddef.h</includes>
    <includes local="no">string.h</includes>
    <includes local="no">stdint.h</includes>
    <includes local="yes">spark_wiring_string.h</includes>
    <includes local="yes">spark_wiring_printable.h</includes>
    <includedby refid="spark__wiring__stream_8h" local="yes">docs/src/spark_wiring_stream.h</includedby>
    <incdepgraph>
      <node id="0">
        <label>docs/src/spark_wiring_print.h</label>
        <link refid="spark__wiring__print_8h"/>
        <childnode refid="1" relation="include">
        </childnode>
        <childnode refid="2" relation="include">
        </childnode>
        <childnode refid="3" relation="include">
        </childnode>
        <childnode refid="4" relation="include">
        </childnode>
        <childnode refid="5" relation="include">
        </childnode>
      </node>
      <node id="3">
        <label>stdint.h</label>
      </node>
      <node id="5">
        <label>spark_wiring_printable.h</label>
      </node>
      <node id="1">
        <label>stddef.h</label>
      </node>
      <node id="2">
        <label>string.h</label>
      </node>
      <node id="4">
        <label>spark_wiring_string.h</label>
      </node>
    </incdepgraph>
    <invincdepgraph>
      <node id="6">
        <label>docs/src/spark_wiring_print.h</label>
        <link refid="spark__wiring__print_8h"/>
        <childnode refid="7" relation="include">
        </childnode>
      </node>
      <node id="7">
        <label>docs/src/spark_wiring_stream.h</label>
        <link refid="spark__wiring__stream_8h"/>
      </node>
    </invincdepgraph>
    <innerclass refid="class_print" prot="public">Print</innerclass>
      <sectiondef kind="define">
      <memberdef kind="define" id="spark__wiring__print_8h_1a31cf2682ae26587a3c76b612b6d05337" prot="public" static="no">
        <name>__SPARK_WIRING_PRINT_</name>
        <briefdescription>
        </briefdescription>
        <detaileddescription>
        </detaileddescription>
        <inbodydescription>
        </inbodydescription>
        <location file="docs/src/spark_wiring_print.h" line="28" column="9" bodyfile="docs/src/spark_wiring_print.h" bodystart="28" bodyend="-1"/>
      </memberdef>
      </sectiondef>
      <sectiondef kind="var">
      <memberdef kind="variable" id="spark__wiring__print_8h_1a26e216c38cffa0a9965fa7933ba558b1" prot="public" static="no" mutable="no">
        <type>const unsigned char</type>
        <definition>const unsigned char DEC</definition>
        <argsstring></argsstring>
        <name>DEC</name>
        <initializer>= 10</initializer>
        <briefdescription>
        </briefdescription>
        <detaileddescription>
        </detaileddescription>
        <inbodydescription>
        </inbodydescription>
        <location file="docs/src/spark_wiring_print.h" line="37" column="1" bodyfile="docs/src/spark_wiring_print.h" bodystart="37" bodyend="-1"/>
      </memberdef>
      <memberdef kind="variable" id="spark__wiring__print_8h_1a777726851dda95dabcc50f606e2dfd8e" prot="public" static="no" mutable="no">
        <type>const unsigned char</type>
        <definition>const unsigned char HEX</definition>
        <argsstring></argsstring>
        <name>HEX</name>
        <initializer>= 16</initializer>
        <briefdescription>
        </briefdescription>
        <detaileddescription>
        </detaileddescription>
        <inbodydescription>
        </inbodydescription>
        <location file="docs/src/spark_wiring_print.h" line="38" column="1" bodyfile="docs/src/spark_wiring_print.h" bodystart="38" bodyend="-1"/>
      </memberdef>
      <memberdef kind="variable" id="spark__wiring__print_8h_1aeea5c9efade0b29d08f3b5b8336425ad" prot="public" static="no" mutable="no">
        <type>const unsigned char</type>
        <definition>const unsigned char OCT</definition>
        <argsstring></argsstring>
        <name>OCT</name>
        <initializer>= 8</initializer>
        <briefdescription>
        </briefdescription>
        <detaileddescription>
        </detaileddescription>
        <inbodydescription>
        </inbodydescription>
        <location file="docs/src/spark_wiring_print.h" line="39" column="1" bodyfile="docs/src/spark_wiring_print.h" bodystart="39" bodyend="-1"/>
      </memberdef>
      <memberdef kind="variable" id="spark__wiring__print_8h_1aee179d58d1b76a9b42397af886f2f9a4" prot="public" static="no" mutable="no">
        <type>const unsigned char</type>
        <definition>const unsigned char BIN</definition>
        <argsstring></argsstring>
        <name>BIN</name>
        <initializer>= 2</initializer>
        <briefdescription>
        </briefdescription>
        <detaileddescription>
        </detaileddescription>
        <inbodydescription>
        </inbodydescription>
        <location file="docs/src/spark_wiring_print.h" line="40" column="1" bodyfile="docs/src/spark_wiring_print.h" bodystart="40" bodyend="-1"/>
      </memberdef>
      </sectiondef>
    <briefdescription>
<para>Header for spark_wiring_print.c module. </para>    </briefdescription>
    <detaileddescription>
<para><simplesect kind="author"><para>Mohit Bhoite </para></simplesect>
<simplesect kind="version"><para>V1.0.0 </para></simplesect>
<simplesect kind="date"><para>13-March-2013 Copyright (c) 2013-2015 Particle Industries, Inc. All rights reserved. Copyright (c) 2010 David A. Mellis. All right reserved.</para></simplesect>
This library is free software; you can redistribute it and/or modify it under the terms of the GNU Lesser General Public License as published by the Free Software Foundation, either version 3 of the License, or (at your option) any later version.</para><para>This library is distributed in the hope that it will be useful, but WITHOUT ANY WARRANTY; without even the implied warranty of MERCHANTABILITY or FITNESS FOR A PARTICULAR PURPOSE. See the GNU Lesser General Public License for more details.</para><para>You should have received a copy of the GNU Lesser General Public License along with this library; if not, see <ulink url="http://www.gnu.org/licenses/">http://www.gnu.org/licenses/</ulink>. </para>    </detaileddescription>
    <programlisting>
<codeline lineno="1"></codeline>
<codeline lineno="27"><highlight class="preprocessor">#ifndef<sp/>__SPARK_WIRING_PRINTx_</highlight><highlight class="normal"></highlight></codeline>
<codeline lineno="28"><highlight class="normal"></highlight><highlight class="preprocessor">#define<sp/>__SPARK_WIRING_PRINT_</highlight><highlight class="normal"></highlight></codeline>
<codeline lineno="29"><highlight class="normal"></highlight></codeline>
<codeline lineno="30"><highlight class="normal"></highlight><highlight class="preprocessor">#include<sp/>&lt;stddef.h&gt;</highlight><highlight class="normal"></highlight></codeline>
<codeline lineno="31"><highlight class="normal"></highlight><highlight class="preprocessor">#include<sp/>&lt;string.h&gt;</highlight><highlight class="normal"></highlight></codeline>
<codeline lineno="32"><highlight class="normal"></highlight><highlight class="preprocessor">#include<sp/>&lt;stdint.h&gt;</highlight><highlight class="normal"><sp/></highlight><highlight class="comment">//<sp/>for<sp/>uint8_t</highlight><highlight class="normal"></highlight></codeline>
<codeline lineno="33"><highlight class="normal"></highlight></codeline>
<codeline lineno="34"><highlight class="normal"></highlight><highlight class="preprocessor">#include<sp/>&quot;spark_wiring_string.h&quot;</highlight><highlight class="normal"></highlight></codeline>
<codeline lineno="35"><highlight class="normal"></highlight><highlight class="preprocessor">#include<sp/>&quot;spark_wiring_printable.h&quot;</highlight><highlight class="normal"></highlight></codeline>
<codeline lineno="36"><highlight class="normal"></highlight></codeline>
<codeline lineno="37"><highlight class="normal"></highlight><highlight class="keyword">const</highlight><highlight class="normal"><sp/></highlight><highlight class="keywordtype">unsigned</highlight><highlight class="normal"><sp/></highlight><highlight class="keywordtype">char</highlight><highlight class="normal"><sp/>DEC<sp/>=<sp/>10;</highlight></codeline>
<codeline lineno="38"><highlight class="normal"></highlight><highlight class="keyword">const</highlight><highlight class="normal"><sp/></highlight><highlight class="keywordtype">unsigned</highlight><highlight class="normal"><sp/></highlight><highlight class="keywordtype">char</highlight><highlight class="normal"><sp/>HEX<sp/>=<sp/>16;</highlight></codeline>
<codeline lineno="39"><highlight class="normal"></highlight><highlight class="keyword">const</highlight><highlight class="normal"><sp/></highlight><highlight class="keywordtype">unsigned</highlight><highlight class="normal"><sp/></highlight><highlight class="keywordtype">char</highlight><highlight class="normal"><sp/>OCT<sp/>=<sp/>8;</highlight></codeline>
<codeline lineno="40"><highlight class="normal"></highlight><highlight class="keyword">const</highlight><highlight class="normal"><sp/></highlight><highlight class="keywordtype">unsigned</highlight><highlight class="normal"><sp/></highlight><highlight class="keywordtype">char</highlight><highlight class="normal"><sp/>BIN<sp/>=<sp/>2;</highlight></codeline>
<codeline lineno="41"><highlight class="normal"></highlight></codeline>
<codeline lineno="42"><highlight class="normal"></highlight><highlight class="keyword">class<sp/></highlight><highlight class="normal">String;</highlight></codeline>
<codeline lineno="43"><highlight class="normal"></highlight><highlight class="keyword">class<sp/></highlight><highlight class="normal">__FlashStringHelper;</highlight></codeline>
<codeline lineno="44"><highlight class="normal"></highlight></codeline>
<codeline lineno="50" refid="class_print" refkind="compound"><highlight class="keyword">class<sp/></highlight><highlight class="normal"><ref refid="class_print" kindref="compound">Print</ref></highlight></codeline>
<codeline lineno="51"><highlight class="normal">{</highlight></codeline>
<codeline lineno="52"><highlight class="normal"><sp/><sp/></highlight><highlight class="keyword">private</highlight><highlight class="normal">:</highlight></codeline>
<codeline lineno="53"><highlight class="normal"><sp/><sp/><sp/><sp/></highlight><highlight class="keywordtype">int</highlight><highlight class="normal"><sp/>write_error;</highlight></codeline>
<codeline lineno="54"><highlight class="normal"><sp/><sp/><sp/><sp/></highlight><highlight class="keywordtype">size_t</highlight><highlight class="normal"><sp/>printNumber(</highlight><highlight class="keywordtype">unsigned</highlight><highlight class="normal"><sp/></highlight><highlight class="keywordtype">long</highlight><highlight class="normal">,<sp/>uint8_t);</highlight></codeline>
<codeline lineno="55"><highlight class="normal"><sp/><sp/><sp/><sp/></highlight><highlight class="keywordtype">size_t</highlight><highlight class="normal"><sp/>printFloat(</highlight><highlight class="keywordtype">double</highlight><highlight class="normal">,<sp/>uint8_t);</highlight></codeline>
<codeline lineno="56"><highlight class="normal"><sp/><sp/></highlight><highlight class="keyword">protected</highlight><highlight class="normal">:</highlight></codeline>
<codeline lineno="57"><highlight class="normal"></highlight><highlight class="preprocessor">#ifndef<sp/>DOXYGEN_DO_NOT_DOCUMENT</highlight><highlight class="normal"></highlight></codeline>
<codeline lineno="58"><highlight class="normal"><sp/><sp/><sp/><sp/></highlight><highlight class="keywordtype">void</highlight><highlight class="normal"><sp/>setWriteError(</highlight><highlight class="keywordtype">int</highlight><highlight class="normal"><sp/>err<sp/>=<sp/>1)<sp/>{<sp/>write_error<sp/>=<sp/>err;<sp/>}</highlight></codeline>
<codeline lineno="59"><highlight class="normal"><sp/><sp/><sp/><sp/></highlight><highlight class="keywordtype">size_t</highlight><highlight class="normal"><sp/>printf_impl(</highlight><highlight class="keywordtype">bool</highlight><highlight class="normal"><sp/>newline,<sp/></highlight><highlight class="keyword">const</highlight><highlight class="normal"><sp/></highlight><highlight class="keywordtype">char</highlight><highlight class="normal">*<sp/>format,<sp/>...);</highlight></codeline>
<codeline lineno="60"><highlight class="normal"></highlight><highlight class="preprocessor">#endif</highlight><highlight class="normal"></highlight></codeline>
<codeline lineno="61"><highlight class="normal"></highlight></codeline>
<codeline lineno="62"><highlight class="normal"><sp/><sp/></highlight><highlight class="keyword">public</highlight><highlight class="normal">:</highlight></codeline>
<codeline lineno="63"><highlight class="normal"></highlight><highlight class="preprocessor">#ifndef<sp/>DOXYGEN_DO_NOT_DOCUMENT</highlight><highlight class="normal"></highlight></codeline>
<codeline lineno="64"><highlight class="normal"><sp/><sp/><sp/><sp/><ref refid="class_print" kindref="compound">Print</ref>()<sp/>:<sp/>write_error(0)<sp/>{}</highlight></codeline>
<codeline lineno="65"><highlight class="normal"></highlight></codeline>
<codeline lineno="66"><highlight class="normal"><sp/><sp/><sp/><sp/></highlight><highlight class="keyword">virtual</highlight><highlight class="normal"><sp/>~<ref refid="class_print" kindref="compound">Print</ref>()<sp/>{}</highlight></codeline>
<codeline lineno="67"><highlight class="normal"></highlight><highlight class="preprocessor">#endif</highlight><highlight class="normal"></highlight></codeline>
<codeline lineno="68"><highlight class="normal"></highlight></codeline>
<codeline lineno="71" refid="class_print_1a88a4a829fb5d589efb43955ad0cbddcc" refkind="member"><highlight class="normal"><sp/><sp/><sp/><sp/></highlight><highlight class="keywordtype">int</highlight><highlight class="normal"><sp/><ref refid="class_print_1a88a4a829fb5d589efb43955ad0cbddcc" kindref="member">getWriteError</ref>()<sp/>{<sp/></highlight><highlight class="keywordflow">return</highlight><highlight class="normal"><sp/>write_error;<sp/>}</highlight></codeline>
<codeline lineno="72"><highlight class="normal"></highlight></codeline>
<codeline lineno="76" refid="class_print_1aec9ecf84cc6d9087a650def3cefc459e" refkind="member"><highlight class="normal"><sp/><sp/><sp/><sp/></highlight><highlight class="keywordtype">void</highlight><highlight class="normal"><sp/><ref refid="class_print_1aec9ecf84cc6d9087a650def3cefc459e" kindref="member">clearWriteError</ref>()<sp/>{<sp/>setWriteError(0);<sp/>}</highlight></codeline>
<codeline lineno="77"><highlight class="normal"></highlight></codeline>
<codeline lineno="83"><highlight class="normal"><sp/><sp/><sp/><sp/></highlight><highlight class="keyword">virtual</highlight><highlight class="normal"><sp/></highlight><highlight class="keywordtype">size_t</highlight><highlight class="normal"><sp/><ref refid="class_print_1ab9195b97274029f693aaddce6c7a0021" kindref="member">write</ref>(uint8_t<sp/>c)<sp/>=<sp/>0;</highlight></codeline>
<codeline lineno="84"><highlight class="normal"></highlight></codeline>
<codeline lineno="90" refid="class_print_1a5b40e0e9cab1f2fe5bb0cb22ffe5adda" refkind="member"><highlight class="normal"><sp/><sp/><sp/><sp/></highlight><highlight class="keywordtype">size_t</highlight><highlight class="normal"><sp/><ref refid="class_print_1a5b40e0e9cab1f2fe5bb0cb22ffe5adda" kindref="member">write</ref>(</highlight><highlight class="keyword">const</highlight><highlight class="normal"><sp/></highlight><highlight class="keywordtype">char</highlight><highlight class="normal"><sp/>*str)<sp/>{</highlight></codeline>
<codeline lineno="91"><highlight class="normal"><sp/><sp/><sp/><sp/><sp/><sp/></highlight><highlight class="keywordflow">if</highlight><highlight class="normal"><sp/>(str<sp/>==<sp/>NULL)<sp/></highlight><highlight class="keywordflow">return</highlight><highlight class="normal"><sp/>0;</highlight></codeline>
<codeline lineno="92"><highlight class="normal"><sp/><sp/><sp/><sp/><sp/><sp/></highlight><highlight class="keywordflow">return</highlight><highlight class="normal"><sp/><ref refid="class_print_1ab9195b97274029f693aaddce6c7a0021" kindref="member">write</ref>((</highlight><highlight class="keyword">const</highlight><highlight class="normal"><sp/>uint8_t<sp/>*)str,<sp/>strlen(str));</highlight></codeline>
<codeline lineno="93"><highlight class="normal"><sp/><sp/><sp/><sp/>}</highlight></codeline>
<codeline lineno="94"><highlight class="normal"></highlight></codeline>
<codeline lineno="101"><highlight class="normal"><sp/><sp/><sp/><sp/></highlight><highlight class="keyword">virtual</highlight><highlight class="normal"><sp/></highlight><highlight class="keywordtype">size_t</highlight><highlight class="normal"><sp/><ref refid="class_print_1ab9195b97274029f693aaddce6c7a0021" kindref="member">write</ref>(</highlight><highlight class="keyword">const</highlight><highlight class="normal"><sp/>uint8_t<sp/>*buffer,<sp/></highlight><highlight class="keywordtype">size_t</highlight><highlight class="normal"><sp/>size);</highlight></codeline>
<codeline lineno="102"><highlight class="normal"></highlight></codeline>
<codeline lineno="106"><highlight class="normal"><sp/><sp/><sp/><sp/></highlight><highlight class="keywordtype">size_t</highlight><highlight class="normal"><sp/><ref refid="class_print_1acfe80773011eb17dfb52c2fba517a093" kindref="member">print</ref>(</highlight><highlight class="keyword">const</highlight><highlight class="normal"><sp/></highlight><highlight class="keywordtype">char</highlight><highlight class="normal">[]);</highlight></codeline>
<codeline lineno="107"><highlight class="normal"></highlight></codeline>
<codeline lineno="111"><highlight class="normal"><sp/><sp/><sp/><sp/></highlight><highlight class="keywordtype">size_t</highlight><highlight class="normal"><sp/><ref refid="class_print_1acfe80773011eb17dfb52c2fba517a093" kindref="member">print</ref>(</highlight><highlight class="keywordtype">char</highlight><highlight class="normal">);</highlight></codeline>
<codeline lineno="112"><highlight class="normal"></highlight></codeline>
<codeline lineno="120"><highlight class="normal"><sp/><sp/><sp/><sp/></highlight><highlight class="keywordtype">size_t</highlight><highlight class="normal"><sp/><ref refid="class_print_1acfe80773011eb17dfb52c2fba517a093" kindref="member">print</ref>(</highlight><highlight class="keywordtype">unsigned</highlight><highlight class="normal"><sp/></highlight><highlight class="keywordtype">char</highlight><highlight class="normal"><sp/>value,<sp/></highlight><highlight class="keywordtype">int</highlight><highlight class="normal"><sp/>base<sp/>=<sp/>DEC);</highlight></codeline>
<codeline lineno="121"><highlight class="normal"></highlight></codeline>
<codeline lineno="129"><highlight class="normal"><sp/><sp/><sp/><sp/></highlight><highlight class="keywordtype">size_t</highlight><highlight class="normal"><sp/><ref refid="class_print_1acfe80773011eb17dfb52c2fba517a093" kindref="member">print</ref>(</highlight><highlight class="keywordtype">int</highlight><highlight class="normal"><sp/>value,<sp/></highlight><highlight class="keywordtype">int</highlight><highlight class="normal"><sp/>base<sp/>=<sp/>DEC);</highlight></codeline>
<codeline lineno="130"><highlight class="normal"></highlight></codeline>
<codeline lineno="138"><highlight class="normal"><sp/><sp/><sp/><sp/></highlight><highlight class="keywordtype">size_t</highlight><highlight class="normal"><sp/><ref refid="class_print_1acfe80773011eb17dfb52c2fba517a093" kindref="member">print</ref>(</highlight><highlight class="keywordtype">unsigned</highlight><highlight class="normal"><sp/></highlight><highlight class="keywordtype">int</highlight><highlight class="normal"><sp/>value,<sp/></highlight><highlight class="keywordtype">int</highlight><highlight class="normal"><sp/>base<sp/>=<sp/>DEC);</highlight></codeline>
<codeline lineno="139"><highlight class="normal"></highlight></codeline>
<codeline lineno="147"><highlight class="normal"><sp/><sp/><sp/><sp/></highlight><highlight class="keywordtype">size_t</highlight><highlight class="normal"><sp/><ref refid="class_print_1acfe80773011eb17dfb52c2fba517a093" kindref="member">print</ref>(</highlight><highlight class="keywordtype">long</highlight><highlight class="normal"><sp/>value,<sp/></highlight><highlight class="keywordtype">int</highlight><highlight class="normal"><sp/>base<sp/>=<sp/>DEC);</highlight></codeline>
<codeline lineno="148"><highlight class="normal"></highlight></codeline>
<codeline lineno="156"><highlight class="normal"><sp/><sp/><sp/><sp/></highlight><highlight class="keywordtype">size_t</highlight><highlight class="normal"><sp/><ref refid="class_print_1acfe80773011eb17dfb52c2fba517a093" kindref="member">print</ref>(</highlight><highlight class="keywordtype">unsigned</highlight><highlight class="normal"><sp/></highlight><highlight class="keywordtype">long</highlight><highlight class="normal"><sp/>value,<sp/></highlight><highlight class="keywordtype">int</highlight><highlight class="normal"><sp/>base<sp/>=<sp/>DEC);</highlight></codeline>
<codeline lineno="157"><highlight class="normal"></highlight></codeline>
<codeline lineno="164"><highlight class="normal"><sp/><sp/><sp/><sp/></highlight><highlight class="keywordtype">size_t</highlight><highlight class="normal"><sp/><ref refid="class_print_1acfe80773011eb17dfb52c2fba517a093" kindref="member">print</ref>(</highlight><highlight class="keywordtype">double</highlight><highlight class="normal"><sp/>value,<sp/></highlight><highlight class="keywordtype">int</highlight><highlight class="normal"><sp/>dec<sp/>=<sp/>2);</highlight></codeline>
<codeline lineno="165"><highlight class="normal"></highlight></codeline>
<codeline lineno="169"><highlight class="normal"><sp/><sp/><sp/><sp/></highlight><highlight class="keywordtype">size_t</highlight><highlight class="normal"><sp/><ref refid="class_print_1acfe80773011eb17dfb52c2fba517a093" kindref="member">print</ref>(</highlight><highlight class="keyword">const</highlight><highlight class="normal"><sp/>Printable&amp;);</highlight></codeline>
<codeline lineno="170"><highlight class="normal"></highlight></codeline>
<codeline lineno="171"><highlight class="normal"></highlight><highlight class="preprocessor">#ifndef<sp/>DOXYGEN_DO_NOT_DOCUMENT</highlight><highlight class="normal"></highlight></codeline>
<codeline lineno="172"><highlight class="normal"><sp/><sp/><sp/><sp/></highlight><highlight class="keywordtype">size_t</highlight><highlight class="normal"><sp/><ref refid="class_print_1acfe80773011eb17dfb52c2fba517a093" kindref="member">print</ref>(</highlight><highlight class="keyword">const</highlight><highlight class="normal"><sp/>__FlashStringHelper*);</highlight></codeline>
<codeline lineno="173"><highlight class="normal"></highlight><highlight class="preprocessor">#endif</highlight><highlight class="normal"></highlight></codeline>
<codeline lineno="174"><highlight class="normal"></highlight></codeline>
<codeline lineno="178"><highlight class="normal"><sp/><sp/><sp/><sp/></highlight><highlight class="keywordtype">size_t</highlight><highlight class="normal"><sp/><ref refid="class_print_1a169b128f9e22f0c15883768f580541a2" kindref="member">println</ref>(</highlight><highlight class="keyword">const</highlight><highlight class="normal"><sp/></highlight><highlight class="keywordtype">char</highlight><highlight class="normal">[]);</highlight></codeline>
<codeline lineno="179"><highlight class="normal"></highlight></codeline>
<codeline lineno="183"><highlight class="normal"><sp/><sp/><sp/><sp/></highlight><highlight class="keywordtype">size_t</highlight><highlight class="normal"><sp/><ref refid="class_print_1a169b128f9e22f0c15883768f580541a2" kindref="member">println</ref>(</highlight><highlight class="keywordtype">char</highlight><highlight class="normal"><sp/>value);</highlight></codeline>
<codeline lineno="184"><highlight class="normal"></highlight></codeline>
<codeline lineno="192"><highlight class="normal"><sp/><sp/><sp/><sp/></highlight><highlight class="keywordtype">size_t</highlight><highlight class="normal"><sp/><ref refid="class_print_1a169b128f9e22f0c15883768f580541a2" kindref="member">println</ref>(</highlight><highlight class="keywordtype">unsigned</highlight><highlight class="normal"><sp/></highlight><highlight class="keywordtype">char</highlight><highlight class="normal"><sp/>value,<sp/></highlight><highlight class="keywordtype">int</highlight><highlight class="normal"><sp/>base<sp/>=<sp/>DEC);</highlight></codeline>
<codeline lineno="200"><highlight class="normal"><sp/><sp/><sp/><sp/></highlight><highlight class="keywordtype">size_t</highlight><highlight class="normal"><sp/><ref refid="class_print_1a169b128f9e22f0c15883768f580541a2" kindref="member">println</ref>(</highlight><highlight class="keywordtype">int</highlight><highlight class="normal"><sp/>value,<sp/></highlight><highlight class="keywordtype">int</highlight><highlight class="normal"><sp/>base<sp/>=<sp/>DEC);</highlight></codeline>
<codeline lineno="201"><highlight class="normal"></highlight></codeline>
<codeline lineno="209"><highlight class="normal"><sp/><sp/><sp/><sp/></highlight><highlight class="keywordtype">size_t</highlight><highlight class="normal"><sp/><ref refid="class_print_1a169b128f9e22f0c15883768f580541a2" kindref="member">println</ref>(</highlight><highlight class="keywordtype">unsigned</highlight><highlight class="normal"><sp/></highlight><highlight class="keywordtype">int</highlight><highlight class="normal"><sp/>value,<sp/></highlight><highlight class="keywordtype">int</highlight><highlight class="normal"><sp/>base<sp/>=<sp/>DEC);</highlight></codeline>
<codeline lineno="217"><highlight class="normal"><sp/><sp/><sp/><sp/></highlight><highlight class="keywordtype">size_t</highlight><highlight class="normal"><sp/><ref refid="class_print_1a169b128f9e22f0c15883768f580541a2" kindref="member">println</ref>(</highlight><highlight class="keywordtype">long</highlight><highlight class="normal"><sp/>value,<sp/></highlight><highlight class="keywordtype">int</highlight><highlight class="normal"><sp/>base<sp/>=<sp/>DEC);</highlight></codeline>
<codeline lineno="225"><highlight class="normal"><sp/><sp/><sp/><sp/></highlight><highlight class="keywordtype">size_t</highlight><highlight class="normal"><sp/><ref refid="class_print_1a169b128f9e22f0c15883768f580541a2" kindref="member">println</ref>(</highlight><highlight class="keywordtype">unsigned</highlight><highlight class="normal"><sp/></highlight><highlight class="keywordtype">long</highlight><highlight class="normal"><sp/>value,<sp/></highlight><highlight class="keywordtype">int</highlight><highlight class="normal"><sp/>base<sp/>=<sp/>DEC);</highlight></codeline>
<codeline lineno="226"><highlight class="normal"></highlight></codeline>
<codeline lineno="233"><highlight class="normal"><sp/><sp/><sp/><sp/></highlight><highlight class="keywordtype">size_t</highlight><highlight class="normal"><sp/><ref refid="class_print_1a169b128f9e22f0c15883768f580541a2" kindref="member">println</ref>(</highlight><highlight class="keywordtype">double</highlight><highlight class="normal"><sp/>value,<sp/></highlight><highlight class="keywordtype">int</highlight><highlight class="normal"><sp/>dec<sp/>=<sp/>2);</highlight></codeline>
<codeline lineno="237"><highlight class="normal"><sp/><sp/><sp/><sp/></highlight><highlight class="keywordtype">size_t</highlight><highlight class="normal"><sp/><ref refid="class_print_1a169b128f9e22f0c15883768f580541a2" kindref="member">println</ref>(</highlight><highlight class="keyword">const</highlight><highlight class="normal"><sp/>Printable&amp;);</highlight></codeline>
<codeline lineno="238"><highlight class="normal"></highlight></codeline>
<codeline lineno="242"><highlight class="normal"><sp/><sp/><sp/><sp/></highlight><highlight class="keywordtype">size_t</highlight><highlight class="normal"><sp/><ref refid="class_print_1a169b128f9e22f0c15883768f580541a2" kindref="member">println</ref>(</highlight><highlight class="keywordtype">void</highlight><highlight class="normal">);</highlight></codeline>
<codeline lineno="243"><highlight class="normal"></highlight></codeline>
<codeline lineno="244"><highlight class="normal"></highlight><highlight class="preprocessor">#ifndef<sp/>DOXYGEN_DO_NOT_DOCUMENT</highlight><highlight class="normal"></highlight></codeline>
<codeline lineno="245"><highlight class="normal"><sp/><sp/><sp/><sp/></highlight><highlight class="keywordtype">size_t</highlight><highlight class="normal"><sp/><ref refid="class_print_1a169b128f9e22f0c15883768f580541a2" kindref="member">println</ref>(</highlight><highlight class="keyword">const</highlight><highlight class="normal"><sp/>__FlashStringHelper*);</highlight></codeline>
<codeline lineno="246"><highlight class="normal"></highlight><highlight class="preprocessor">#endif</highlight><highlight class="normal"></highlight></codeline>
<codeline lineno="247"><highlight class="normal"></highlight></codeline>
<codeline lineno="255"><highlight class="normal"><sp/><sp/><sp/><sp/></highlight><highlight class="keyword">template</highlight><highlight class="normal"><sp/>&lt;</highlight><highlight class="keyword">typename</highlight><highlight class="normal">...<sp/>Args&gt;</highlight></codeline>
<codeline lineno="256" refid="class_print_1a08a461c9fee5fd8f5795d6e9f61e3d5b" refkind="member"><highlight class="normal"><sp/><sp/><sp/><sp/></highlight><highlight class="keyword">inline</highlight><highlight class="normal"><sp/></highlight><highlight class="keywordtype">size_t</highlight><highlight class="normal"><sp/><ref refid="class_print_1a08a461c9fee5fd8f5795d6e9f61e3d5b" kindref="member">printf</ref>(</highlight><highlight class="keyword">const</highlight><highlight class="normal"><sp/></highlight><highlight class="keywordtype">char</highlight><highlight class="normal">*<sp/>format,<sp/>Args...<sp/>args)</highlight></codeline>
<codeline lineno="257"><highlight class="normal"><sp/><sp/><sp/><sp/>{</highlight></codeline>
<codeline lineno="258"><highlight class="normal"><sp/><sp/><sp/><sp/><sp/><sp/><sp/><sp/></highlight><highlight class="keywordflow">return</highlight><highlight class="normal"><sp/>this-&gt;printf_impl(</highlight><highlight class="keyword">false</highlight><highlight class="normal">,<sp/>format,<sp/>args...);</highlight></codeline>
<codeline lineno="259"><highlight class="normal"><sp/><sp/><sp/><sp/>}</highlight></codeline>
<codeline lineno="260"><highlight class="normal"></highlight></codeline>
<codeline lineno="268"><highlight class="normal"><sp/><sp/><sp/><sp/></highlight><highlight class="keyword">template</highlight><highlight class="normal"><sp/>&lt;</highlight><highlight class="keyword">typename</highlight><highlight class="normal">...<sp/>Args&gt;</highlight></codeline>
<codeline lineno="269" refid="class_print_1afa41aa5211c54b7b4d79b9286880c337" refkind="member"><highlight class="normal"><sp/><sp/><sp/><sp/></highlight><highlight class="keyword">inline</highlight><highlight class="normal"><sp/></highlight><highlight class="keywordtype">size_t</highlight><highlight class="normal"><sp/><ref refid="class_print_1afa41aa5211c54b7b4d79b9286880c337" kindref="member">printlnf</ref>(</highlight><highlight class="keyword">const</highlight><highlight class="normal"><sp/></highlight><highlight class="keywordtype">char</highlight><highlight class="normal">*<sp/>format,<sp/>Args...<sp/>args)</highlight></codeline>
<codeline lineno="270"><highlight class="normal"><sp/><sp/><sp/><sp/>{</highlight></codeline>
<codeline lineno="271"><highlight class="normal"><sp/><sp/><sp/><sp/><sp/><sp/><sp/><sp/></highlight><highlight class="keywordflow">return</highlight><highlight class="normal"><sp/>this-&gt;printf_impl(</highlight><highlight class="keyword">true</highlight><highlight class="normal">,<sp/>format,<sp/>args...);</highlight></codeline>
<codeline lineno="272"><highlight class="normal"><sp/><sp/><sp/><sp/>}</highlight></codeline>
<codeline lineno="273"><highlight class="normal"></highlight></codeline>
<codeline lineno="274"><highlight class="normal">};</highlight></codeline>
<codeline lineno="275"><highlight class="normal"></highlight></codeline>
<codeline lineno="276"><highlight class="normal"></highlight><highlight class="preprocessor">#endif</highlight></codeline>
    </programlisting>
    <location file="docs/src/spark_wiring_print.h"/>
  </compounddef>
</doxygen>
